{"cameraMode":{"drawMode":0,"name":"Shaded","section":"Shading Mode"},"sceneLighting":true,"audioPlay":false,"sceneViewState":{"showFog":true,"showMaterialUpdate":false,"showSkybox":true,"showFlares":true,"showImageEffects":true,"showParticleSystems":true,"showVisualEffectGraphs":true,"m_FxEnabled":true},"in2DMode":false,"pivot":{"x":-1.2273966073989869,"y":0.16096866130828858,"z":-0.021312713623046876},"rotation":{"x":-0.26572170853614809,"y":-0.08461031317710877,"z":0.02345702052116394,"w":-0.9601376056671143},"size":3.692411422729492,"orthographic":false}